"","dv1","dv2","iv1"
"1",1.46501122902129,0.897147744034899,"A"
"2",1.80675412945607,0.541251110478261,"A"
"3",1.66926349693536,0.871831039062162,"A"
"4",0.258731369660489,0.18671284532647,"A"
"5",-0.43467765993116,1.3089234256611,"A"
"6",-0.00431578274369292,0.646553874476653,"A"
"7",-1.7060608874117,-0.741308675512863,"A"
"8",1.376397931918,-0.248850897674025,"A"
"9",0.994106704499831,0.539684270120116,"A"
"10",-0.519811376747554,-1.06495743317998,"A"
"11",1.68114805187525,0.436291289128114,"A"
"12",1.34677016170669,0.665453253974164,"A"
"13",0.881156365340291,0.0261623432769345,"A"
"14",-0.000763818924246087,0.0509284670630404,"A"
"15",1.72544448487365,-0.14092820748313,"A"
"16",-0.919820626880353,-0.114680531725417,"A"
"17",-0.488016652498,0.129994803930308,"A"
"18",0.980889926138288,-0.854664585022446,"A"
"19",0.736502297942352,1.7823391824266,"A"
"20",0.404109543818589,1.77439655994088,"A"
"21",0.785182659554331,0.475837315934449,"A"
"22",0.0549428254708677,-0.058537835208432,"A"
"23",-0.0574657847024163,-0.671491529586909,"A"
"24",-0.811453643297764,1.16878726524574,"A"
"25",0.586417362589951,-0.614781433696905,"A"
"26",-1.0922406971543,0.445963266487005,"A"
"27",-1.08750652144057,-1.14162375964989,"A"
"28",1.39715581253099,0.579141011687417,"A"
"29",-0.61143410994341,-0.622092130892727,"A"
"30",0.610954406940062,-0.332999829166206,"A"
"31",-1.07360901886917,0.625307965780042,"A"
"32",1.31157298909344,0.963761818577216,"A"
"33",-0.0219101210847292,1.4708575701933,"A"
"34",-0.526801995795955,-0.155966183729034,"A"
"35",-0.843552485201375,-1.37793081599124,"A"
"36",-0.220518288932078,0.0887935584638718,"A"
"37",0.418231480749696,-0.190369390312881,"A"
"38",-1.52093672148517,-1.48507435651475,"A"
"39",-0.508902006426769,0.130317112704153,"A"
"40",0.262681372900668,0.417478845468281,"A"
"41",0.356048957861603,-1.40428077010337,"A"
"42",1.85129696703898,0.634125842703488,"A"
"43",0.163247757794562,0.584246913836411,"A"
"44",0.379858966783099,-0.423678416266685,"A"
"45",2.43974243465373,2.05595495926864,"A"
"46",1.10908708367112,0.986509286545503,"A"
"47",-1.36080633307371,-1.47921808297057,"A"
"48",-1.90882869383196,-2.01688260031281,"A"
"49",0.429029281812894,-0.321603440074134,"A"
"50",-0.000303469058049698,1.01103173077087,"A"
"51",-0.392943915781415,0.205640269857706,"A"
"52",-0.988117601625454,-0.902612474713833,"A"
"53",1.74170030818155,2.02666276526584,"A"
"54",-1.07457390495869,-0.390249964444441,"A"
"55",-0.938728994615431,-1.33886781806817,"A"
"56",-0.21429790800582,0.424401185793835,"A"
"57",1.03570066391774,0.0660459920304202,"A"
"58",0.140383768259029,0.45467103914931,"A"
"59",-3.36521144971002,-1.21841567757461,"A"
"60",0.593701910540062,0.500992542804939,"A"
"61",1.71914679165089,0.389583999305405,"A"
"62",-1.16698188019849,-1.09331119606846,"A"
"63",-0.766891459072105,-0.81114672547024,"A"
"64",-0.538328155070061,-1.96911062874483,"A"
"65",0.771408860121694,0.290710611534808,"A"
"66",1.04822526665987,0.873861488691728,"A"
"67",0.161153980013774,-0.168743820648857,"A"
"68",1.33446117917396,2.06064744734238,"A"
"69",0.191194717337584,-0.872871310301874,"A"
"70",-0.750927334645666,0.164635599304962,"A"
"71",0.137440987037149,0.131292418075691,"A"
"72",-0.890240625827977,0.756669073731076,"A"
"73",0.815338072446721,0.254844318263563,"A"
"74",-0.0704718896322123,0.353317663414412,"A"
"75",-1.05928931329123,-1.49534969272466,"A"
"76",0.33193701801211,-1.25193449178075,"A"
"77",-0.107687035788743,-0.0547558880579004,"A"
"78",0.135756683807844,0.0351575390519733,"A"
"79",-0.43886662735133,0.695165429109269,"A"
"80",0.655051966330943,0.398976487503478,"A"
"81",1.40564340412879,0.0186933599083984,"A"
"82",-0.465007403815003,-0.877403207700197,"A"
"83",-0.960412642320064,-0.406784214384155,"A"
"84",0.390803844455137,0.65321985815943,"A"
"85",0.107124439289826,-0.100038221287239,"A"
"86",1.70579723569134,1.24101836737826,"A"
"87",-0.583453778842862,-0.233423742926468,"A"
"88",1.81988985191962,1.34611935101077,"A"
"89",0.910370636398408,-0.00209532273523683,"A"
"90",1.49822332433987,1.37634314778737,"A"
"91",-0.40757291791042,0.184455344938452,"A"
"92",0.326524810588222,1.39467762560985,"A"
"93",-1.21498918238243,-0.6798764376147,"A"
"94",-0.625302103713062,-2.2392991297781,"A"
"95",0.0578318795717339,1.23311309311527,"A"
"96",-0.778351929446801,-0.22693736837722,"A"
"97",0.0424119388739042,0.350076115432425,"A"
"98",1.95771619745741,2.58328711804561,"A"
"99",0.853834982375895,1.71723058822926,"A"
"100",0.635188871656498,0.360852701480895,"A"
"101",-0.784180692307204,-0.586770496173534,"A"
"102",1.76347811659438,1.84686212429438,"A"
"103",2.43717391666504,1.19878603434153,"A"
"104",-0.737146039823013,-1.19964891828947,"A"
"105",-1.7556270486213,-2.06664715784243,"A"
"106",1.85422168989343,1.45801732195528,"A"
"107",0.138254558165205,-0.00176887705194918,"A"
"108",0.193445982648548,0.125153310276047,"A"
"109",0.933348876822472,0.0167085797135961,"A"
"110",-0.178867153696047,1.28381662752149,"A"
"111",0.175999757679851,-0.0454498122778596,"A"
"112",0.528071839854726,1.48568561024452,"A"
"113",0.00964089132993525,-0.814211390954272,"A"
"114",-0.0356077803321086,1.06884134853458,"A"
"115",2.69260753145753,0.483502241671257,"A"
"116",1.89446142774619,1.21447909814806,"A"
"117",0.847855784291357,0.510324695699566,"A"
"118",-0.311321484676539,-1.76361233889281,"A"
"119",1.06311507182044,0.430429730770977,"A"
"120",0.678827089327486,-0.0392048840199075,"A"
"121",0.509444577825365,1.08525805914299,"A"
"122",0.351503218914067,1.03959786240349,"A"
"123",-2.42559730223088,-1.18580596580946,"A"
"124",-1.42839229991944,-0.297580602819459,"A"
"125",-0.252865725474298,-0.888760438006969,"A"
"126",-1.1596640503977,-0.212769960319167,"A"
"127",2.37849232579073,2.57158829110828,"A"
"128",0.783209129162836,0.81963763322693,"A"
"129",1.80098315356794,0.987296854297144,"A"
"130",0.129161489983539,-0.571211293922234,"A"
"131",0.3319423129842,1.15941164826533,"A"
"132",1.92464082674849,1.20693289986162,"A"
"133",-1.81170405123984,-0.142196071565496,"A"
"134",1.295223249816,0.417341354325338,"A"
"135",0.0770215816431953,-0.627862220002103,"A"
"136",0.517767519738906,-0.392149402642596,"A"
"137",0.811402268709381,1.50553480626157,"A"
"138",-1.6472276490587,-0.887305539879307,"A"
"139",0.625589640806275,-0.416728652315272,"A"
"140",1.03522935005301,-0.1384712676354,"A"
"141",0.330425025920424,-0.738968227745409,"A"
"142",0.54212148911719,0.136987667084824,"A"
"143",-0.742765626544755,-0.253732217800863,"A"
"144",-0.095773460774122,1.29557233733113,"A"
"145",-0.625563620490051,0.268083725829264,"A"
"146",1.45199862134273,1.98457707774711,"A"
"147",0.926063254802549,1.03634394310447,"A"
"148",-1.08069619327506,-1.01278249458955,"A"
"149",-0.946770557909815,-0.936652771075103,"A"
"150",-1.0560461781807,-1.11901725028155,"A"
"151",-0.923621864730544,-0.883188693378625,"A"
"152",-1.18838852068284,-0.548278697732256,"A"
"153",-0.0644011470691028,-1.30326621994419,"A"
"154",-0.0840705115614898,0.318227570366659,"A"
"155",0.156925141634433,-1.2361439675268,"A"
"156",-0.112097652402031,1.07633858805285,"A"
"157",-0.89876852481342,0.12576628158649,"A"
"158",-1.28431355084001,-1.48899696694976,"A"
"159",-0.722823134751396,-0.0766692592388828,"A"
"160",0.673477487769544,0.284312799954354,"A"
"161",-0.810303015927406,-2.00011681524358,"A"
"162",0.433848906684678,-0.92736135219479,"A"
"163",-0.476175529952917,-0.150240510187381,"A"
"164",0.191020144398368,1.47236166088802,"A"
"165",-0.0776188995323599,0.730660350387026,"A"
"166",-1.38922328585671,-0.12294971676145,"A"
"167",-0.24192006131531,1.3720049169697,"A"
"168",0.458802913898212,1.08553754243816,"A"
"169",-0.0632508437045749,-0.210084908016777,"A"
"170",0.279199336042845,-0.6666582455877,"A"
"171",-0.901207360095961,1.11558656995245,"A"
"172",-0.124974409665074,-0.198161445164482,"A"
"173",-1.68479957023474,-0.13564330298319,"A"
"174",1.67552103977686,1.46518601453926,"A"
"175",0.13173286630496,-0.510282693396483,"A"
"176",0.114984234677169,-0.636168379768869,"A"
"177",-0.492628415844834,-0.366719767042131,"A"
"178",1.09987716581311,0.65895989515188,"A"
"179",1.01855027706257,-0.11668736600483,"A"
"180",-0.690468635467159,0.491787534700749,"A"
"181",0.211192647076778,-0.755456312445613,"A"
"182",0.46053526703412,0.116860687354213,"A"
"183",0.147579802544942,0.683570539110539,"A"
"184",-2.09579367960118,-0.117945412445733,"A"
"185",0.638648748825151,-0.0864379952156911,"A"
"186",0.18013131512791,0.366679959843808,"A"
"187",1.57354352304365,-0.741459080852318,"A"
"188",0.629780957634743,-1.36138977514978,"A"
"189",-1.15346226083294,-2.30196757778429,"A"
"190",-1.07353787200369,0.138956081154902,"A"
"191",-0.649014597414162,0.000644977406172198,"A"
"192",0.301413372487775,0.301164295765263,"A"
"193",0.11316061601233,1.75159307001542,"A"
"194",-0.814676226264854,-1.49305191484351,"A"
"195",1.29586062156892,1.47296150201398,"A"
"196",-0.658592627096232,-0.174085219778612,"A"
"197",0.805739470200316,1.09030235521858,"A"
"198",2.13571523113803,1.04281200702893,"A"
"199",-0.147946335254967,-0.469653050453521,"A"
"200",-0.183169137261887,-0.787036564094479,"A"
"201",-0.687778844600453,-0.114368545968294,"A"
"202",-0.395051858242559,-1.14007463906983,"A"
"203",0.613808844767014,1.02501571049999,"A"
"204",-0.736674455630611,-0.394032004974054,"A"
"205",0.667444948330256,1.13853400493118,"A"
"206",-0.788243454473767,-0.446448515228349,"A"
"207",-0.889729580852101,-1.95598216393433,"A"
"208",-2.10057168990352,0.263880687482335,"A"
"209",-0.87766366802544,-0.899796725788997,"A"
"210",-1.65076018481753,-0.760415287498932,"A"
"211",-1.394236630286,-1.8565409574781,"A"
"212",0.331192768984197,0.174237584308369,"A"
"213",-1.11554380589526,-0.429018018418566,"A"
"214",-1.25857108618736,0.201395046104771,"A"
"215",1.55714578588959,1.34949459083157,"A"
"216",-0.706283252239886,-1.41690765710947,"A"
"217",0.991867176884779,1.10204785561256,"A"
"218",0.757111951125758,1.07586127743589,"A"
"219",0.294937916174511,-0.301535297050315,"A"
"220",-0.44338974152185,-1.09671827833917,"A"
"221",-0.528809930478642,-0.303969931033555,"A"
"222",-0.276108275807795,0.838708700478033,"A"
"223",1.11082241443303,-0.0615840599017158,"A"
"224",-0.236052011610565,-0.576574857399276,"A"
"225",0.736975406338282,-0.811332721397422,"A"
"226",0.695423779490275,0.0715749128937805,"A"
"227",0.480666493904661,1.04654232658589,"A"
"228",0.420362421497462,1.09939144221102,"A"
"229",1.44353891570821,0.320711684709259,"A"
"230",0.499782583038116,1.8003387910051,"A"
"231",1.53597256012843,0.570932196548106,"A"
"232",0.10851176334899,-0.434170342828733,"A"
"233",0.315845067021885,0.432716294410369,"A"
"234",0.256614382468249,1.84739941465357,"A"
"235",1.53503333185938,1.56192463472399,"A"
"236",0.164085560130861,0.00671706125856747,"A"
"237",0.969822483762385,0.704264612453009,"A"
"238",-1.6692721938578,-2.06257267132047,"A"
"239",-0.150821344831799,0.0225563017896044,"A"
"240",-0.454161208473673,0.622340740160531,"A"
"241",0.401402869547559,1.01731259196168,"A"
"242",0.23795486368173,-1.01088382937122,"A"
"243",-1.51084977908945,-1.48837513535031,"A"
"244",1.00664779146177,0.576678032649694,"A"
"245",-2.31517170795085,-2.33867680209677,"A"
"246",-0.228311729554819,0.052980694262395,"A"
"247",0.813092017969646,0.436020865549244,"A"
"248",0.0622429637727409,-0.794217415760883,"A"
"249",0.756658267877424,-0.794169702132802,"A"
"250",1.78651470140064,1.31957342804877,"A"
"251",0.867339452044616,1.30666838725771,"A"
"252",-0.683474662787661,-0.771542193170963,"A"
"253",-0.625265043576096,-0.45846519776129,"A"
"254",0.461835805284147,0.68628872277058,"A"
"255",0.787805639627511,1.53790772806167,"A"
"256",0.981272602065175,-0.29188389057798,"A"
"257",0.307380145480888,1.02273423236255,"A"
"258",1.29986344515143,0.0369282947825216,"A"
"259",-0.439862192789145,-1.00720420493739,"A"
"260",-0.337456677261346,0.223630654049171,"A"
"261",0.968862773519184,0.334843666862989,"A"
"262",0.648692193576219,1.18908892258644,"A"
"263",0.338061494013764,-1.58018220728505,"A"
"264",1.89870148883999,1.70573209674797,"A"
"265",-0.0416374022814938,-0.233613318750291,"A"
"266",-3.02116973508883,-2.89990485772234,"A"
"267",2.18901455509017,1.24859582448751,"A"
"268",-1.72337647004702,-0.0272257608268762,"A"
"269",0.182015421636334,0.410069491928391,"A"
"270",-0.34998540819384,-0.184611803867866,"A"
"271",-1.75987718970301,-0.677880119462696,"A"
"272",-1.26571650260262,-0.549787198485874,"A"
"273",0.713549260437404,0.0484672296347826,"A"
"274",-1.63667910532984,-1.17669222641171,"A"
"275",1.0356462767107,1.6944690556364,"A"
"276",1.13727365284164,1.40171546841986,"A"
"277",-0.530231435586178,-0.588204453845004,"A"
"278",0.4825393288084,0.0744138785770268,"A"
"279",-2.12831113257609,-1.07422695203789,"A"
"280",1.33554698473795,1.92204595466516,"A"
"281",1.17010887923619,1.43550670539539,"A"
"282",-1.32163008585237,-0.991152900591853,"A"
"283",-0.922876875414882,-1.83080753875328,"A"
"284",0.735079634789852,0.704722168749086,"A"
"285",-1.24219909988566,-0.474411293557514,"A"
"286",0.0509212517024567,1.4352309470492,"A"
"287",-1.21770376964091,0.360855117730102,"A"
"288",-0.935189188426687,0.022255022858317,"A"
"289",-0.614041560279916,-0.343642263545809,"A"
"290",0.852466236277356,0.222569185720439,"A"
"291",1.09351594551386,0.370316992288729,"A"
"292",-1.01382452332585,-1.41216610525104,"A"
"293",-2.39664372976737,0.140028748891241,"A"
"294",-0.228304515718152,-0.43622104261583,"A"
"295",0.437384503124123,0.872849684401175,"A"
"296",-0.492158000449334,1.30306949747297,"A"
"297",1.17872435971195,0.269599995138909,"A"
"298",1.54782989666909,1.58060859651041,"A"
"299",-0.493455747786184,-1.33695247424541,"A"
"300",-1.68902882969407,-0.441863400090958,"A"
"301",0.0673295482177306,-0.110082546254805,"A"
"302",0.30913754804611,0.246134274945824,"A"
"303",-0.13746547437028,0.319896489900566,"A"
"304",0.151332478473992,-0.390978282366435,"A"
"305",1.42391935192851,1.18121624496615,"A"
"306",0.0431549066152436,-0.135686368357298,"A"
"307",-0.100349671230268,-0.0365932322071229,"A"
"308",-0.0211321854605968,0.627812618968164,"A"
"309",2.11227642933278,1.31953388707923,"A"
"310",1.00945270196477,0.679507001983698,"A"
"311",1.57802403955623,-0.165929026862684,"A"
"312",-0.37850576596608,0.745134387524371,"A"
"313",-0.0703236080678962,0.0178967940162473,"A"
"314",-1.30958686854391,-0.551780674871656,"A"
"315",1.04244612185631,0.214694064484046,"A"
"316",0.682935646267932,0.13497727960522,"A"
"317",-0.788034244283121,0.300416430555307,"A"
"318",0.690998143503578,1.38135433464514,"A"
"319",-0.240343584972547,1.47312727914878,"A"
"320",0.772058679359194,0.331352126378067,"A"
"321",-0.798048380097292,-0.121570245685655,"A"
"322",-1.09125724272565,-0.991534914363755,"A"
"323",0.134315584607355,0.414913887473016,"A"
"324",-0.234503283913292,-0.502758102896745,"A"
"325",0.503354135497447,-0.674295926649737,"A"
"326",-0.893671860598322,-0.508730171975922,"A"
"327",-0.917029969996727,-0.787369408250477,"A"
"328",0.860191384491061,0.487745093987983,"A"
"329",-0.218736405023892,1.35449458836829,"A"
"330",0.72138034917793,-0.692984991920474,"A"
"331",-0.31730492459508,1.61201502338086,"A"
"332",-0.249307367882105,0.722860803489685,"A"
"333",-0.714947306282866,0.721139949227389,"A"
"334",2.59572306885945,1.45168341070449,"A"
"335",-0.872441675977624,-0.827933874992542,"A"
"336",-1.30198939459738,-1.00471786981129,"A"
"337",1.16140316146185,0.00107520319475207,"A"
"338",1.19089720388541,2.68259998851569,"A"
"339",0.245967331837144,0.0348305616713045,"A"
"340",2.05343836414277,0.51828388762572,"A"
"341",0.731516966415875,0.000245408475917974,"A"
"342",-0.76668762030738,0.122997119407079,"A"
"343",-1.89116262061958,-1.30241817937005,"A"
"344",-0.584556868205402,-2.15154691449594,"A"
"345",0.984933462973643,1.25308006325456,"A"
"346",0.0759717468940344,-0.277789881238548,"A"
"347",1.13031701377043,1.59019630565916,"A"
"348",0.192470344948912,-1.06741817161755,"A"
"349",-0.187140389794046,-0.498459366337982,"A"
"350",1.0966622323891,2.03484455806209,"A"
"351",0.0100552538283679,0.26007026036085,"A"
"352",-0.807164624459427,-0.670756273780323,"A"
"353",0.182896966618293,0.203053500181809,"A"
"354",-1.07192504568681,-0.808269354331559,"A"
"355",-1.13651121340512,0.0267501095026093,"A"
"356",1.74056582676664,0.657989560459736,"A"
"357",-0.0958846938342724,-1.38309201359772,"A"
"358",-0.343762312955401,0.223965865504971,"A"
"359",0.75806052446469,1.0775378423273,"A"
"360",1.19173437234134,1.37401240716751,"A"
"361",0.741169700139239,1.58050983899997,"A"
"362",0.840740476193797,-0.231330700925836,"A"
"363",-0.19073670274774,-1.32659897321554,"A"
"364",-1.41362380521324,-1.96171416106301,"A"
"365",-1.46415340375375,-0.844959127674798,"A"
"366",-1.0596279322526,0.0901234124871303,"A"
"367",1.27224022860964,-0.594861779946668,"A"
"368",-0.775572523385036,-0.112839239267573,"A"
"369",-0.0204292315538145,1.09140439983637,"A"
"370",0.293340132047974,-0.0289979672695674,"A"
"371",-0.299722857057627,-0.0328112783270156,"A"
"372",-0.153967392636189,0.636887073083428,"A"
"373",0.408884414217091,1.67682886313179,"A"
"374",-0.352776134513535,-0.203185251763507,"A"
"375",-0.135984747939641,-0.470578642409614,"A"
"376",2.10770182074262,2.08001334096726,"A"
"377",1.06892973017045,1.00553939786957,"A"
"378",-1.35452957188497,-0.0866714000995802,"A"
"379",0.825215999744604,-1.56146505656519,"A"
"380",1.77780640697989,1.37484709439916,"A"
"381",0.279593583913783,-0.137852148597608,"A"
"382",0.166685213683892,0.975249442551849,"A"
"383",1.91049444050706,1.76156661236111,"A"
"384",1.59794174789715,0.161209152812875,"A"
"385",-0.0989165704514151,-0.302007815546174,"A"
"386",0.813813493761617,1.46117191698533,"A"
"387",-0.586680630183036,-1.17783012330926,"A"
"388",0.911180563081927,0.838175184580017,"A"
"389",0.27505269779265,-1.34906824450831,"A"
"390",0.153376656256882,-1.61542954093584,"A"
"391",-0.107780967812565,1.52514742669121,"A"
"392",-0.885365905460051,-1.62247655145908,"A"
"393",-0.424940866908068,-0.591469758375621,"A"
"394",1.05173003025627,1.31937067151793,"A"
"395",1.1213854525882,0.538836030462155,"A"
"396",0.652730578208515,0.665238514510178,"A"
"397",-1.27931962005493,-0.662635314511159,"A"
"398",0.289820440430213,-0.78715139042232,"A"
"399",1.52051130942237,0.203309583387933,"A"
"400",0.399465261508642,-0.59422605529078,"A"
"401",-2.05155698562427,-1.37007963932986,"A"
"402",0.373360706251099,-0.0631278226865271,"A"
"403",1.15904885867566,1.32096616449308,"A"
"404",-0.0052715677191702,1.97494196971285,"A"
"405",0.0862318325537269,-0.775863799774151,"A"
"406",-1.79352218354805,-1.37548919947285,"A"
"407",-0.721606769095076,0.20006706099033,"A"
"408",-0.442723429652014,-1.0959255697426,"A"
"409",-0.830150957483069,0.427432308662894,"A"
"410",-0.903699159158571,0.522375310978541,"A"
"411",-0.138253442502337,0.430419044668405,"A"
"412",0.925582221664291,1.01043607945139,"A"
"413",-1.17622179616432,-0.785128101807466,"A"
"414",-0.860614311322929,-0.0442069131798686,"A"
"415",-0.601043226754769,-0.154652709858377,"A"
"416",1.51698594935927,1.58831597962024,"A"
"417",-0.766937463806188,-0.209863989388405,"A"
"418",-1.06449325188132,-1.05879281964804,"A"
"419",1.12289351546155,0.530952364749737,"A"
"420",-0.888610885295295,-0.202867736506806,"A"
"421",0.592462120498846,0.726871837609358,"A"
"422",0.949380967624227,0.220127256169738,"A"
"423",-0.503368218304454,0.68274240298628,"A"
"424",0.330593669789479,0.143855978025181,"A"
"425",-1.8853497023274,-1.68043644281761,"A"
"426",0.918111802556387,0.909325726699503,"A"
"427",1.09637085986478,0.916418102925012,"A"
"428",-0.559332478143465,-0.937195639530805,"A"
"429",2.50605144590297,2.36058342473242,"A"
"430",0.594901244876864,0.311455826283552,"A"
"431",0.502478860493163,-1.77128147990029,"A"
"432",2.66136152289334,-0.241403890031613,"A"
"433",-0.174866954622175,-0.58479897010235,"A"
"434",-1.00040850278424,-0.173193209295609,"A"
"435",0.00169997137017929,-0.0221550287268777,"A"
"436",-1.2402442694164,-0.9639420264029,"A"
"437",0.625197833989417,1.02228460971084,"A"
"438",-0.152681005078835,1.61859014205046,"A"
"439",1.5418887399865,1.49187559008196,"A"
"440",1.44555696908412,0.407752174153136,"A"
"441",-0.036439931972667,1.40648502321695,"A"
"442",-0.212360941238045,0.392778517545338,"A"
"443",-1.04956080410785,0.116932129718628,"A"
"444",-0.972539339182215,-1.33406527334605,"A"
"445",2.57387614929461,2.84272075739174,"A"
"446",-0.229720059449417,0.362444864683237,"A"
"447",0.524748991978132,-0.686402189146919,"A"
"448",0.890420504643021,-0.237796464417016,"A"
"449",0.344690135364232,0.765581387874657,"A"
"450",-0.0156518095397147,0.447407547399735,"A"
"451",0.618162321820619,1.10653592568494,"A"
"452",-0.372616921911219,-1.42622136610914,"A"
"453",1.20279385792116,0.366695981739702,"A"
"454",-0.526725079119967,-0.0342974760382397,"A"
"455",-0.29210916049476,-0.734465690673025,"A"
"456",-0.891663636483528,0.6098169601263,"A"
"457",-0.2644797276391,-1.55235682971557,"A"
"458",-0.718391509488632,0.418845254359463,"A"
"459",0.285184209873111,1.96009428411494,"A"
"460",-0.259220018102484,-1.11550754812605,"A"
"461",-1.3506709538657,-0.987925140372646,"A"
"462",-0.76487290553208,-0.353831296460853,"A"
"463",-1.9363390198936,-0.86529386151858,"A"
"464",-1.57410164062025,-0.859675396747981,"A"
"465",1.15271127322099,1.8435999871445,"A"
"466",1.01148363745774,1.6471523018124,"A"
"467",1.45615945964812,1.6529930609443,"A"
"468",1.33621269502918,0.816424064546993,"A"
"469",-0.244890343690549,-0.867063457800196,"A"
"470",-1.14613821431058,-0.0179743284884888,"A"
"471",1.09084758494128,1.9946549320599,"A"
"472",0.727111845669378,1.85132044161944,"A"
"473",0.867385840004132,0.517960059934304,"A"
"474",1.45565555159228,0.140940769157869,"A"
"475",-0.0471328196816161,0.0576364457546394,"A"
"476",0.305660128598346,0.825637184462225,"A"
"477",-0.00936155004391523,0.207341334816891,"A"
"478",2.42386561268967,1.87570915469575,"A"
"479",-0.164468636605999,-0.35439653322561,"A"
"480",-0.326808826251847,0.807002064764196,"A"
"481",-0.497066897526001,-0.437130279788013,"A"
"482",0.125412901434548,0.103700675286598,"A"
"483",0.070186312918786,-0.125942373365993,"A"
"484",0.79947576739927,0.355620388262568,"A"
"485",0.492100910438553,1.81818418349564,"A"
"486",-1.20313582360387,-0.955244389938992,"A"
"487",0.836949662277682,-0.0891294115090731,"A"
"488",-1.05740038435767,-0.41034615799486,"A"
"489",0.297539701935961,-0.474037263340047,"A"
"490",0.548834209416937,0.060006220180526,"A"
"491",-0.566655165078147,0.475924503062471,"A"
"492",-1.05317450977616,0.236828385979124,"A"
"493",-0.317812143100796,0.0675288940444102,"A"
"494",-1.23656068343114,-1.27105493052948,"A"
"495",0.445269937887648,-0.382360635879548,"A"
"496",1.01527102001662,0.506883250279199,"A"
"497",1.42540063174451,-0.559934137487155,"A"
"498",-0.7687270124967,-1.40179311792603,"A"
"499",-0.651877932046025,-0.438280337291267,"A"
"500",2.52123627439521,1.45105501731997,"A"
"501",-0.704166786046022,-0.954943082433288,"B"
"502",1.73503587194706,0.975707373730098,"B"
"503",0.676551068825587,1.41789041624119,"B"
"504",-1.9379462134329,0.721578965457871,"B"
"505",0.33656461330638,0.939297184121146,"B"
"506",-1.55831116216273,-0.600147133873511,"B"
"507",-1.66221842299772,0.367366677808551,"B"
"508",-0.510555611966188,-1.205075556534,"B"
"509",0.359191489122317,-0.525144276681374,"B"
"510",-1.40888676752259,-0.00587486168630558,"B"
"511",0.0471389343791589,-0.0677468683747195,"B"
"512",0.290114210637652,0.865526471508821,"B"
"513",0.0354823050756197,0.849241655581177,"B"
"514",1.2883449457188,-0.557065861978273,"B"
"515",-0.339315722467983,1.21111027138807,"B"
"516",1.30364623207867,-0.678479745492085,"B"
"517",-0.0796880989216,0.621039001478817,"B"
"518",-0.725890503909538,-1.71676046771376,"B"
"519",0.599068898200077,1.15643264303016,"B"
"520",-0.516569851782307,-0.682270748023352,"B"
"521",0.218685279717095,0.935380935874616,"B"
"522",0.664120944693125,-0.647868849089309,"B"
"523",0.419796990432712,-0.213360850970351,"B"
"524",0.293771925698083,-0.721578612116457,"B"
"525",1.76651596327728,-0.513895356055853,"B"
"526",1.59847103020562,0.779542369014663,"B"
"527",0.745088750358828,0.197376765351553,"B"
"528",0.0494993816334208,2.10709201817096,"B"
"529",-0.573571335257665,-1.52091143475062,"B"
"530",-1.92132236167629,-0.625561494692953,"B"
"531",-0.00652163510344818,-0.00925391734368745,"B"
"532",0.23728284052534,-2.10350941181071,"B"
"533",-2.80748737564631,-1.9031467885925,"B"
"534",-0.808560827378881,1.43501912920159,"B"
"535",-1.28107197217957,-0.683362507433624,"B"
"536",0.300028879564523,0.213335006014607,"B"
"537",-0.264443700857594,0.316613616707768,"B"
"538",0.636870168355487,1.2279211481231,"B"
"539",-0.137667773632875,-0.400624366201556,"B"
"540",0.783176164656286,0.860761492656789,"B"
"541",-1.72521445336649,-0.577468752984117,"B"
"542",-1.50791164688999,-0.00128325603579516,"B"
"543",0.0300007137906006,0.501454285181001,"B"
"544",-1.54790513177477,-0.217026910432507,"B"
"545",1.03736404341641,1.60476487865308,"B"
"546",0.363638944831298,0.280033274950323,"B"
"547",-0.942057412917842,-1.11924148534189,"B"
"548",-0.534348693887279,-0.315850245514383,"B"
"549",1.30613573933422,1.03057113123156,"B"
"550",-0.813255322101867,0.636337399407716,"B"
"551",-0.881933750105623,0.206685677599406,"B"
"552",-2.20009709506952,-1.72575298092707,"B"
"553",0.653365940545589,-0.0888361742597105,"B"
"554",0.59582639473022,0.942222307008,"B"
"555",1.71019955217376,3.19166903319879,"B"
"556",0.466794717205547,1.72066563650329,"B"
"557",1.97384960503348,0.5508856894601,"B"
"558",0.0700142899567565,0.489705977773996,"B"
"559",-0.480222409412292,0.00148984616576514,"B"
"560",1.90304562271463,-0.470309800931887,"B"
"561",-1.66688595523648,-1.88641052945219,"B"
"562",-1.08608731118989,0.173779113437354,"B"
"563",-1.10153887054721,-1.2405362372492,"B"
"564",1.30115423861561,1.10634697289134,"B"
"565",-0.000298307306691701,0.405349884613708,"B"
"566",-0.34196330938189,-1.51806790587869,"B"
"567",-1.12025246863273,-0.185637120076754,"B"
"568",1.62473315541822,0.60727539872581,"B"
"569",-1.68494317715375,-1.22551740988308,"B"
"570",-0.554506060514804,0.810936595772705,"B"
"571",-0.731522547495654,-0.286316211102254,"B"
"572",-0.836753738283994,-0.119666740031065,"B"
"573",1.07471061155644,1.36203049763853,"B"
"574",0.3777767362533,0.910069331188723,"B"
"575",1.24503089003153,0.0199326599962031,"B"
"576",0.557119918343068,-0.579982645384506,"B"
"577",0.342561994352156,0.144065244962356,"B"
"578",1.59098822290151,1.00376867263946,"B"
"579",0.31254370294346,0.94487136608666,"B"
"580",-1.99446993448679,-0.123587859469146,"B"
"581",0.276849963850401,-1.2557258062398,"B"
"582",-1.32874066649397,0.805182708981392,"B"
"583",0.812413182945179,-0.980418826307487,"B"
"584",0.198646611889308,1.01059923256945,"B"
"585",-0.826029738986198,1.36338732638029,"B"
"586",-1.00793755372453,1.12598613896561,"B"
"587",1.52998470088159,-0.214855188776288,"B"
"588",1.17017443687518,0.278535338852182,"B"
"589",-0.555122583483259,-1.20246170792994,"B"
"590",-0.994976906606671,-2.45612950126823,"B"
"591",-1.41709002643064,0.791190925121881,"B"
"592",0.8050319691797,1.43888204037384,"B"
"593",-2.82478361680806,-1.27552062908188,"B"
"594",-0.431968208457886,0.310795908591518,"B"
"595",0.419160928831988,-0.845525881896507,"B"
"596",0.728750257648113,1.86134099666407,"B"
"597",0.256535890013515,0.584079245700036,"B"
"598",-1.34464119279509,-0.436663375424601,"B"
"599",-0.993644301136897,-0.438001750190435,"B"
"600",0.506063068279793,-0.203037301908379,"B"
"601",0.992257005974673,0.116938044682271,"B"
"602",0.625416655038353,-0.68952554852965,"B"
"603",0.0349550925545263,0.579978667978065,"B"
"604",-1.0240213973595,-0.78722211160821,"B"
"605",-0.0386526741903338,-1.20114452344988,"B"
"606",0.465061227533855,1.53768780585637,"B"
"607",0.140977710728215,-0.0606562734886002,"B"
"608",0.032258821031759,-0.112505368041875,"B"
"609",0.117055144467534,-1.04077098774923,"B"
"610",0.50382774971774,-0.947010073632768,"B"
"611",-1.5900485406044,-0.865309890484815,"B"
"612",0.524523978900581,0.488806070450142,"B"
"613",-1.00552656214691,0.941476797458377,"B"
"614",-1.26681926358822,-0.454094293992326,"B"
"615",-1.61113527973628,-0.510719950394883,"B"
"616",-0.00663465092517197,-0.68387983236008,"B"
"617",0.452066607656832,-1.14272687243174,"B"
"618",0.353404127978181,-1.03941599842483,"B"
"619",-0.144706653547213,-0.820754691883527,"B"
"620",0.110337713905899,-1.46724007044067,"B"
"621",-1.31754686180289,-1.58010801447237,"B"
"622",0.0666252116976585,-0.379013468860586,"B"
"623",0.171869091110067,1.79000047299285,"B"
"624",0.22357099867669,-0.0984306001556534,"B"
"625",-0.715924867198168,0.414035788061862,"B"
"626",1.3393953285475,0.898036915004827,"B"
"627",1.37338774832745,3.00984360361751,"B"
"628",1.54423607323309,-0.094288189670639,"B"
"629",-0.315276715947245,0.0751407039385642,"B"
"630",0.598686893844587,-0.203575495321206,"B"
"631",-1.09186711635623,-0.749229372911363,"B"
"632",-1.13628610038633,-1.56438156365527,"B"
"633",-0.718072844794452,1.29142036018236,"B"
"634",0.0557227799997235,-2.1494957422641,"B"
"635",0.9782385935446,-1.250617608365,"B"
"636",1.2253144045475,0.402646749447681,"B"
"637",0.506578302962897,1.43438102532243,"B"
"638",0.810242326337845,-0.00576588769949438,"B"
"639",-0.968209894098077,-0.984015284112168,"B"
"640",0.0680142267821144,-0.182633015492207,"B"
"641",1.27155667081466,-0.307794687548095,"B"
"642",0.673398656470983,1.23878193563868,"B"
"643",-0.0437682886243924,0.360224485937618,"B"
"644",-0.902330412157998,-0.748487707811703,"B"
"645",1.12133002754096,-0.890652439242374,"B"
"646",0.699346496906441,0.729739896108145,"B"
"647",-0.775353471834424,-1.7019848599996,"B"
"648",-0.508236309674304,0.873991090794735,"B"
"649",-0.473242874226671,-2.33005493608804,"B"
"650",-1.18929558824256,-1.24225143520387,"B"
"651",0.281944376548876,1.84766585872471,"B"
"652",-1.40889629009333,-0.918115822482965,"B"
"653",-0.587832459436508,-1.81413049077484,"B"
"654",0.0362854497838431,0.805828385316051,"B"
"655",0.10496685030337,-1.32740905309897,"B"
"656",0.727916322760165,1.1681720138584,"B"
"657",0.870653736190091,1.03594119799766,"B"
"658",1.24787146277537,0.136185617567149,"B"
"659",-0.757981048951054,0.0974338780066165,"B"
"660",-0.177902817563705,0.703123870196151,"B"
"661",0.536347864252902,-0.0652528008825626,"B"
"662",0.0254265394611344,0.370052602939477,"B"
"663",1.53776813834473,1.94620653813286,"B"
"664",-0.135393067448754,-0.494743295070327,"B"
"665",-0.0970706560736611,0.521083363525913,"B"
"666",-0.390196041526691,-0.57400234571288,"B"
"667",0.714534797131348,0.534777046302097,"B"
"668",0.426475966430756,0.884779048737949,"B"
"669",2.02189717767494,1.07261918619406,"B"
"670",0.624430812384232,0.0445518938424812,"B"
"671",-1.12250368834262,-0.470399597855704,"B"
"672",-0.14096110257727,-0.206146034282025,"B"
"673",0.0741592714599597,-0.624118524000605,"B"
"674",-0.485824995480183,0.401937774022926,"B"
"675",0.407020782915817,-1.0021993807392,"B"
"676",2.1288886787975,1.40254379683547,"B"
"677",-1.7229848550365,-1.02152693342596,"B"
"678",2.26466682938379,1.8714915413015,"B"
"679",0.16633574019088,1.43458853789259,"B"
"680",-1.36952004455378,-0.893117329037733,"B"
"681",1.03533451897968,0.973622613044669,"B"
"682",-0.0830053885652006,0.777510790713265,"B"
"683",-0.51643700523949,-0.198449783123326,"B"
"684",0.356319441887476,-0.145674103079063,"B"
"685",0.594002324912551,-0.829890441318211,"B"
"686",2.05901444387453,-1.55378617601443,"B"
"687",-0.0564047157545207,-1.17194551641572,"B"
"688",-1.64621810564428,0.0936190859720066,"B"
"689",0.87668673726516,1.04775065036484,"B"
"690",0.548894637227106,0.657610297379541,"B"
"691",1.98920431732953,0.64774231308753,"B"
"692",1.02880022029005,0.683774438685531,"B"
"693",-2.0701508118705,-0.481031641623054,"B"
"694",1.5749166705665,1.47626808180636,"B"
"695",-0.328784135685292,-2.39695894560076,"B"
"696",-0.473165433421335,0.681746681443441,"B"
"697",0.0419453374703136,0.715323393932085,"B"
"698",0.314475825425325,-0.789350665674398,"B"
"699",-0.444669527139981,1.23956043749203,"B"
"700",-1.03449301529176,-1.82467498869319,"B"
"701",-0.38198245293413,0.91467160319516,"B"
"702",1.69650949331181,1.49493276466408,"B"
"703",0.169843845828492,1.68068876468117,"B"
"704",1.59494301755786,1.58830529538091,"B"
"705",-0.540682453174835,0.668899425163792,"B"
"706",-1.52454243164428,-0.806018392457171,"B"
"707",0.350397642902372,0.677021604548346,"B"
"708",1.08961130962319,1.25149234338279,"B"
"709",0.579760768475544,0.496550400310827,"B"
"710",-0.0604821320513799,0.524825845848494,"B"
"711",-0.469907334577921,-0.157887163549519,"B"
"712",0.341843960508301,-1.61321125715792,"B"
"713",-1.04179691625257,0.401108435608284,"B"
"714",-0.169868802239486,-0.111478169803407,"B"
"715",-1.25492513053311,-1.62380762353309,"B"
"716",-1.19058512414937,0.0891223649581457,"B"
"717",0.00332037347695829,1.02853905080864,"B"
"718",-1.14976094063601,-0.0784822284588068,"B"
"719",-0.0741295347609677,1.84042913693085,"B"
"720",-0.125720650999984,0.660708311378173,"B"
"721",-0.485655857770287,1.30081353021489,"B"
"722",-1.70018108504463,0.142428221981269,"B"
"723",0.487183515010036,0.200781732787848,"B"
"724",-1.77518228703734,1.40365147515987,"B"
"725",-0.43331113855319,-1.02603000205124,"B"
"726",0.642043823246918,1.38455707035447,"B"
"727",1.17135894335067,-0.365608725123214,"B"
"728",-0.127996420654359,0.223577391118053,"B"
"729",-0.532140384533911,-0.567354026344366,"B"
"730",-0.0797357225331783,1.06316981995899,"B"
"731",-1.17282647348815,0.21753314899107,"B"
"732",-1.20379556981407,-1.97776498244751,"B"
"733",-1.79056828364851,-0.222341790391567,"B"
"734",1.38875484545399,0.657340687230673,"B"
"735",1.15106369379681,-0.903860710286068,"B"
"736",-0.547841869863751,-0.421590482023132,"B"
"737",-1.22568385508983,-0.31484267643785,"B"
"738",-0.90206115950341,-0.172275007238068,"B"
"739",-0.584173496409261,-1.04498128927213,"B"
"740",0.44753678509834,-0.763016091141741,"B"
"741",-0.658284376216072,-0.816881346614355,"B"
"742",0.184706319388322,0.0626489517524012,"B"
"743",0.106372983139164,2.2858296295038,"B"
"744",-1.46923546882409,-0.677618489215791,"B"
"745",-0.912461494545653,-1.61448596791294,"B"
"746",0.262229681100506,-1.77521516640717,"B"
"747",-0.416777697162858,-1.46906464435731,"B"
"748",-0.0886715725034043,-0.711769059249609,"B"
"749",-0.351437862415225,0.666432898623191,"B"
"750",-0.778332977790008,0.272178965481289,"B"
"751",-0.740195506571807,-1.7799673657302,"B"
"752",0.159927939526404,-0.324977354659541,"B"
"753",-1.86285678009712,-2.04579963032846,"B"
"754",0.478343592417487,0.0529863130967235,"B"
"755",0.83499428938729,-0.213317008056732,"B"
"756",1.35659590101825,0.336184817026754,"B"
"757",-0.525126425157843,0.3557241264671,"B"
"758",0.272396779056087,0.16685206298185,"B"
"759",-0.0147694004175484,1.4069573439299,"B"
"760",-0.331833911220633,1.74695816336552,"B"
"761",-0.197894900566505,-1.15524038537747,"B"
"762",0.182447509022588,0.457309461943843,"B"
"763",-0.925204334438761,-0.546326361109199,"B"
"764",-0.654601571517498,0.359979122180027,"B"
"765",0.390527944211786,1.11399973590477,"B"
"766",0.540734401030831,0.792234395276262,"B"
"767",1.72033099825124,1.19935648936162,"B"
"768",-1.59952246291502,0.828643711392344,"B"
"769",0.807203100517944,0.898265428086033,"B"
"770",0.637070120522825,0.539301433147038,"B"
"771",0.659707237658892,0.881058215866747,"B"
"772",0.0572231827979164,1.02487864786079,"B"
"773",0.404355901423953,1.66097303565071,"B"
"774",-1.97543877387126,-2.43389483751046,"B"
"775",0.102643472227259,-0.702728673280284,"B"
"776",-2.2380675943027,0.0237432759344365,"B"
"777",0.799647210948217,2.17885953104776,"B"
"778",0.85621613372476,1.2109092832376,"B"
"779",0.429313420823589,-1.00806619002313,"B"
"780",-0.892939083586851,1.88826974443669,"B"
"781",-0.238661113617309,-1.03851543061866,"B"
"782",-0.760034933677253,-0.698080837509276,"B"
"783",-0.237431141942583,1.04418063916474,"B"
"784",1.73566696279892,-0.33105784188876,"B"
"785",0.0272597823206279,1.4328888360109,"B"
"786",-0.0634761186329462,-0.135805669017653,"B"
"787",-0.907982571062384,0.360787643860203,"B"
"788",1.18317521401493,1.08781811196459,"B"
"789",-1.62424181430968,-1.58844626393821,"B"
"790",-1.1135875052463,-0.0805866824418159,"B"
"791",1.17324744928533,0.60948676787591,"B"
"792",1.2024751487565,-0.0273883790640878,"B"
"793",-0.705773385881282,-0.696863781089236,"B"
"794",0.344966654448172,0.821768439400418,"B"
"795",0.0511011003154031,-1.85977262392948,"B"
"796",0.0717152252631449,1.50956013806357,"B"
"797",0.191616812471868,-0.548471058704057,"B"
"798",-1.02599455298229,-1.24734588600483,"B"
"799",0.50348054211257,0.319557244318488,"B"
"800",-0.447866252675199,1.24401880844737,"B"
"801",-0.578261490127309,-0.986060246505104,"B"
"802",0.235694322340301,-0.154494193478403,"B"
"803",-1.1690084924984,0.524924864758188,"B"
"804",-0.209206954206339,-0.380367963667283,"B"
"805",-1.1735283233303,-1.46203494316462,"B"
"806",0.466836496810565,-1.00531761324456,"B"
"807",2.13071223671925,1.22052029613772,"B"
"808",-0.569859683425242,0.941036232960387,"B"
"809",-0.760903150512629,-0.299036716328635,"B"
"810",1.35061598628616,-0.151287293062411,"B"
"811",-0.837617144850602,0.0358905540155544,"B"
"812",-1.17965619094217,-1.55339379902435,"B"
"813",0.460694978963226,-0.397253942019911,"B"
"814",0.253217453985026,0.14818624649983,"B"
"815",-0.435908206382126,0.343480721938083,"B"
"816",0.731164521443526,-1.00126033718724,"B"
"817",-0.320336228126275,0.651158673062862,"B"
"818",1.8688734344905,1.89312738575213,"B"
"819",-0.273462009700675,-2.05268804154376,"B"
"820",0.65266102217204,-0.975400671252043,"B"
"821",0.830840369613653,0.694967594480454,"B"
"822",1.54644057674091,1.60328080347298,"B"
"823",-1.17209711955271,-0.923504727408854,"B"
"824",0.00392427325931803,-0.0954033895610229,"B"
"825",0.588318982493423,0.19661381119479,"B"
"826",2.70730456742616,0.939384685617238,"B"
"827",-2.22019920961161,-0.675844956313073,"B"
"828",1.01438927010452,1.81361258839147,"B"
"829",-0.577446811871158,-0.966351837297809,"B"
"830",0.427732497557187,-0.00198638165806184,"B"
"831",0.627001762896483,-0.174979859919852,"B"
"832",-0.0951147989488957,-0.692040575677888,"B"
"833",1.00654246988052,0.406270726470593,"B"
"834",-1.40424028088721,-0.983867306786027,"B"
"835",0.670401034115053,-0.0547251481696591,"B"
"836",-1.32401460857732,-1.26395417985331,"B"
"837",-0.255365892121937,-0.702418355129442,"B"
"838",0.524081008860411,0.801218794094675,"B"
"839",0.863983105685584,0.047008206186471,"B"
"840",0.518557081118987,-0.676285958228176,"B"
"841",-0.690156122869634,0.454785168091462,"B"
"842",-0.827054095212521,1.79250161168665,"B"
"843",-0.536374793673918,-0.864058707348074,"B"
"844",0.862773308284413,1.02127337700176,"B"
"845",-0.293745347912674,-0.100832161327567,"B"
"846",-0.809684131637728,-1.45814365180755,"B"
"847",-1.15259055528255,-1.28398709698252,"B"
"848",-0.714959541064432,-0.581696643826683,"B"
"849",-0.256037318340496,-0.922961984691381,"B"
"850",2.03562825667825,0.2733174288171,"B"
"851",-0.498976476064138,1.07572712099569,"B"
"852",-1.60705220816848,-3.08017752431318,"B"
"853",-0.808573547907892,0.355469266839868,"B"
"854",0.90260464884982,-0.18802059652023,"B"
"855",0.335108085110705,0.94308164817178,"B"
"856",0.244944470469305,-1.8699007968336,"B"
"857",-2.55776104531105,-2.79337775883526,"B"
"858",-0.563039652566157,-1.29009891083614,"B"
"859",-0.00705280327174158,-0.785192319365014,"B"
"860",-0.94143385391254,-0.0423321757602398,"B"
"861",0.225030462304618,0.474641973130538,"B"
"862",1.30672609175156,0.944061351983243,"B"
"863",0.26676785670724,0.546113585825887,"B"
"864",-0.745080183500217,-1.02441313989732,"B"
"865",0.0738321212179506,-0.361110265189184,"B"
"866",0.289498428364597,0.788659817921518,"B"
"867",-0.825505720750565,0.2494090442419,"B"
"868",0.137870232399757,1.94801735211274,"B"
"869",0.130951262719498,0.972054976103583,"B"
"870",-0.0797553507445069,-0.00788145536705044,"B"
"871",0.44380948408784,-0.00401668289355564,"B"
"872",-0.611393589538421,-1.79999350668469,"B"
"873",-0.113609647269292,0.323286975646939,"B"
"874",-1.10234538276007,-0.392425377916121,"B"
"875",0.169935664950179,-0.00683882119513762,"B"
"876",-2.56734021286354,-0.314141764470981,"B"
"877",-0.201847415922957,-0.337898573833159,"B"
"878",-0.0356413745250826,-0.645532886880509,"B"
"879",-0.628948255036154,-2.05640032728703,"B"
"880",-0.241611591388507,0.750566302672078,"B"
"881",0.110294653561524,-0.259292217601951,"B"
"882",0.296665173325903,-0.252806204015948,"B"
"883",1.57730933888949,0.572113374224865,"B"
"884",-1.61768969001244,-0.68469170144653,"B"
"885",-0.625794436735283,-0.720204536588832,"B"
"886",0.0769265843511414,-1.05738336320278,"B"
"887",0.304445818527738,1.66591550121058,"B"
"888",-0.530311662844198,-0.983304706228239,"B"
"889",-0.930324037564525,0.891855596035573,"B"
"890",2.35079399056634,2.29177900998696,"B"
"891",1.11655646172182,1.58829391372278,"B"
"892",0.479128326261293,0.881020335197944,"B"
"893",0.502958980140893,-0.734852182602178,"B"
"894",-1.30835202701279,-1.61935547548145,"B"
"895",0.849642872855109,-1.15960620675034,"B"
"896",-1.36219961606276,-0.814860563299353,"B"
"897",-2.19292048064528,-0.48065348764979,"B"
"898",0.954820686432198,0.218881966609732,"B"
"899",0.574889206962334,2.27656037588944,"B"
"900",-1.94178620187907,-0.905145248871652,"B"
"901",0.241463530669655,-0.241206186125938,"B"
"902",0.0131172039151181,0.669234363902642,"B"
"903",-0.459688162098366,-0.655065337528187,"B"
"904",0.189961463122861,0.63792376050041,"B"
"905",-0.443399488925452,0.276776277139973,"B"
"906",-1.89237368906791,-2.20743625627833,"B"
"907",0.270530794400061,1.09804559563127,"B"
"908",-0.576395312294093,-3.00942172528939,"B"
"909",0.226660572010674,-0.93872210404728,"B"
"910",0.794568077449848,0.0296488295306027,"B"
"911",-0.162802490674801,-0.252745394655124,"B"
"912",0.129357203009644,0.216210482108979,"B"
"913",-0.991522215787657,-0.687036320971185,"B"
"914",-0.86928411985536,-0.457461316173632,"B"
"915",-2.28769686903047,-0.736294563696476,"B"
"916",-1.5622011644409,-1.15814232378355,"B"
"917",0.859744491266351,0.12378576369741,"B"
"918",-1.04173738984037,-0.925288320065569,"B"
"919",0.132496656787605,-2.1796531021646,"B"
"920",0.0272826745342846,-0.205067102456027,"B"
"921",2.88922032245957,1.84638669259577,"B"
"922",-1.20030170264673,-2.34530118775921,"B"
"923",0.810944492132449,2.16651039600516,"B"
"924",1.18018013680903,1.74261896640975,"B"
"925",-0.850867460270225,0.482160754799672,"B"
"926",-1.62243496693838,-0.525170087155716,"B"
"927",0.0741406979805718,-0.491782673032264,"B"
"928",-0.244695534759825,-1.65432491658385,"B"
"929",-0.458338071427994,-1.55359013614499,"B"
"930",-1.10653446319458,-1.64939114593305,"B"
"931",0.453105620415025,0.748497463772666,"B"
"932",0.794095588959834,-0.107216241253953,"B"
"933",0.450958294385996,1.05105048242049,"B"
"934",-0.368201180155575,-0.362773737855171,"B"
"935",-0.313112320025851,-0.205432572566762,"B"
"936",-0.859437700789969,-0.668507914567135,"B"
"937",-0.140682730753316,-0.251195986593804,"B"
"938",-0.883581138020147,0.712694912559367,"B"
"939",0.822570439872095,0.606863262125605,"B"
"940",-1.27002946797359,-0.615793724097945,"B"
"941",0.1109688569184,-0.111142882447805,"B"
"942",1.14379526595528,-0.155472188916419,"B"
"943",0.481969266185828,1.22155357934601,"B"
"944",-1.34980644599035,-1.08479812879882,"B"
"945",-0.288377383648356,0.898738015791418,"B"
"946",-2.63274762424568,-0.375953198577384,"B"
"947",-0.294935540032849,0.520447058113951,"B"
"948",0.474703633042633,1.3865467775643,"B"
"949",0.616956499414423,-1.85328506225199,"B"
"950",-1.12715433679877,-0.0811819655870958,"B"
"951",0.791478107888277,0.705087370781661,"B"
"952",0.259604508465249,0.117787662057324,"B"
"953",-1.38899786696126,-1.38041256156714,"B"
"954",1.24530444135351,-0.532657649906266,"B"
"955",-0.287567316527443,-0.304123871461411,"B"
"956",-0.357347648812314,-1.28359610531666,"B"
"957",0.395603407943687,-1.47829074748377,"B"
"958",-0.0190909115177379,-0.574248583249983,"B"
"959",0.0149648616034088,0.755189556470684,"B"
"960",1.31276789788993,-0.718600034687663,"B"
"961",1.62291680465256,1.09221891603319,"B"
"962",0.662127630643106,0.829394912877821,"B"
"963",-0.998129741909119,0.0576217972067727,"B"
"964",0.246703780567605,-0.792387433967959,"B"
"965",-0.00124564198627344,-0.860465673748647,"B"
"966",-0.867436638147167,0.305295521081225,"B"
"967",0.710699586450236,0.578022710527175,"B"
"968",1.45025416678874,1.10459706411768,"B"
"969",-1.08541517475991,-1.15262171379286,"B"
"970",0.216269521912912,1.45811982513414,"B"
"971",0.914978170144054,1.61576423187771,"B"
"972",0.883243049599024,1.02138962256992,"B"
"973",-0.138597777919192,-0.462898708657282,"B"
"974",-1.4539218001507,0.440023937782971,"B"
"975",-0.728843516423383,-0.0651839253750108,"B"
"976",-1.78907707239513,-1.03076092937209,"B"
"977",0.148382520117356,0.180273125458849,"B"
"978",-0.522626835965709,0.306029062156704,"B"
"979",-0.744801331988276,-0.419130789612911,"B"
"980",-0.341148350444896,-0.33049565344439,"B"
"981",-1.74549472614576,-1.39053403273421,"B"
"982",-0.399615123640941,-0.00153073364969508,"B"
"983",1.77411564161627,-1.13104988212991,"B"
"984",0.0448316533498228,-0.200992457286881,"B"
"985",-1.56422590929652,0.334310009031268,"B"
"986",-0.304419735940939,1.0555120260113,"B"
"987",-1.19341733843715,-2.37201341968137,"B"
"988",-0.319292478560768,-1.61247083209591,"B"
"989",1.14498359745096,0.527333764319507,"B"
"990",1.23325168809857,0.246425274601918,"B"
"991",-0.472708341375823,-0.321472792949914,"B"
"992",-0.129796222093585,0.45021578943593,"B"
"993",0.560577358963675,-0.769682292375796,"B"
"994",0.468644342479432,-0.84503334183928,"B"
"995",1.09785331780886,-0.298069474645638,"B"
"996",-0.49482861104268,0.231759453312065,"B"
"997",-0.692214471007191,-1.13805814419957,"B"
"998",2.39842439882121,1.76166106629602,"B"
"999",-0.984335935624223,-1.44755517927743,"B"
"1000",0.934507494700318,1.35398085103754,"B"
"1001",1.65606677768723,1.09043319257588,"C"
"1002",0.287449675953359,1.73747519526388,"C"
"1003",0.278630602555293,-0.551652707902229,"C"
"1004",-1.12881650170052,-1.1986968862097,"C"
"1005",-1.01011905159288,-2.12324675723046,"C"
"1006",-0.353178493650393,0.14775071089452,"C"
"1007",-0.69189387984455,-1.25691218203192,"C"
"1008",0.446865527282514,0.0467624825019198,"C"
"1009",0.951020007604121,0.0501243952370773,"C"
"1010",0.738713901460332,0.36607615347301,"C"
"1011",0.768942925047016,0.359624292264136,"C"
"1012",-0.165501754362135,-0.174248564217667,"C"
"1013",-0.423643659286426,1.14770387169307,"C"
"1014",0.805761726746353,1.38293245590165,"C"
"1015",0.293179542751706,0.870653661203106,"C"
"1016",0.804057909643339,-0.410265236488044,"C"
"1017",-0.492606300143561,0.286138183707107,"C"
"1018",-0.594867914180593,-0.220072373755835,"C"
"1019",-0.363917568782974,-0.840434396947518,"C"
"1020",0.263891027732101,-0.445250456965097,"C"
"1021",-1.29541547436848,-0.547051653264494,"C"
"1022",-0.0331223112608932,-1.69936219244242,"C"
"1023",1.45336892091174,-0.447478703074243,"C"
"1024",-1.71362026327392,-0.67455402326495,"C"
"1025",0.626451646470543,-0.38714036139944,"C"
"1026",-0.594571070034206,-0.342406026329095,"C"
"1027",0.498659585731387,0.872033661548265,"C"
"1028",0.241848430662008,-1.05902800158381,"C"
"1029",-0.959653950688046,2.32009545235844,"C"
"1030",-0.985781826087583,-0.274220370247869,"C"
"1031",-1.51913139062563,-1.88290905592943,"C"
"1032",0.202074877289855,1.89898967935377,"C"
"1033",-0.212707796887876,-1.20371856379542,"C"
"1034",0.431788477659025,0.0644633127402534,"C"
"1035",1.21166226599129,1.37999880837264,"C"
"1036",0.417906261516372,0.861190937130965,"C"
"1037",-2.27785190762113,-0.9705149154155,"C"
"1038",-0.764186377921873,0.449299901830562,"C"
"1039",-0.279196193129576,0.490276142841907,"C"
"1040",0.0814166414120698,1.3358067250411,"C"
"1041",-2.06805827716045,0.0198533431190413,"C"
"1042",-0.950489299561638,-0.358745924697579,"C"
"1043",-0.917805786681696,-0.474928852305212,"C"
"1044",-0.5109513218515,-0.324440878883026,"C"
"1045",0.750943718205293,0.134964065726546,"C"
"1046",-0.532946197834749,-0.707719368590889,"C"
"1047",-0.0555194460473129,-0.420778071359801,"C"
"1048",-0.295492441202744,-1.05378501067006,"C"
"1049",-0.386914759788498,-0.534758859460814,"C"
"1050",-0.827838813979067,-0.313642902306959,"C"
"1051",0.322761057264366,-0.734726494191857,"C"
"1052",0.5995906523944,-0.717100118003354,"C"
"1053",-0.312938895284932,-1.90874861585246,"C"
"1054",0.916921862317624,2.47135636739129,"C"
"1055",1.09534357288693,1.58160158427118,"C"
"1056",-2.5379857056668,0.972059644410918,"C"
"1057",1.17963817678681,-1.70114842830609,"C"
"1058",0.439019082518686,0.344256203634894,"C"
"1059",0.625914783301463,-0.843822843129666,"C"
"1060",0.229543762693621,1.35505959193995,"C"
"1061",0.103465879046662,1.29109478270989,"C"
"1062",-1.84529209044908,-0.631338520631815,"C"
"1063",-0.514590325713526,0.0542266968544491,"C"
"1064",-1.27679175010521,-0.392671288519969,"C"
"1065",0.367237225845317,1.30509979620698,"C"
"1066",1.69002967172214,1.04774662955188,"C"
"1067",-0.438314687013244,-0.712241160881933,"C"
"1068",-0.17711810763307,-2.32020597420974,"C"
"1069",-0.0583168515069145,0.178401444126472,"C"
"1070",0.0201346342141407,1.00269744905937,"C"
"1071",-0.507077607728953,-1.13149997419689,"C"
"1072",1.45394935819044,-0.182783262403422,"C"
"1073",0.269615789898683,-0.41659053352432,"C"
"1074",0.27091372768394,0.334974749512914,"C"
"1075",-1.19188232015494,-0.336327134382557,"C"
"1076",-0.0453535602474402,0.864716307864692,"C"
"1077",-0.769543364395898,-1.48956216099491,"C"
"1078",1.18900821184824,-0.981735866852744,"C"
"1079",0.359957254111261,1.68087956897409,"C"
"1080",-1.12150495606428,-1.0666794659888,"C"
"1081",-0.803983660029652,-0.329790664786618,"C"
"1082",-0.867876028102407,-0.4665636615521,"C"
"1083",0.480752283981577,1.19880355433644,"C"
"1084",0.153214141952545,-0.107447294287686,"C"
"1085",-0.837471009815481,0.763990092874672,"C"
"1086",-0.61687718763672,0.00817408150759,"C"
"1087",1.08735950382865,-1.01502702418629,"C"
"1088",0.165014291800838,1.50151490076711,"C"
"1089",-0.101702038840605,-0.223538302457185,"C"
"1090",-0.804373576905888,0.0159525299426853,"C"
"1091",0.720626705103971,0.346036020485527,"C"
"1092",-0.0229395382524277,-0.720684190129069,"C"
"1093",1.60419069197433,-2.27168617373334,"C"
"1094",0.438184481162923,-1.46180923776041,"C"
"1095",-1.2634572147023,1.36366908224196,"C"
"1096",0.39271282763607,0.463522755775723,"C"
"1097",0.557299604933379,-1.13968723133624,"C"
"1098",0.0764603273910339,-0.43629084365775,"C"
"1099",1.23449625245714,-0.591164742382781,"C"
"1100",-0.324118589479827,-0.595812400353605,"C"
"1101",-0.70048982015001,0.264550026205773,"C"
"1102",1.63681573543925,1.02738713542401,"C"
"1103",-0.614499912358457,-0.636310848408519,"C"
"1104",-0.722978744648184,1.01439527738029,"C"
"1105",0.493542457971821,0.878467326559012,"C"
"1106",-0.185107556120744,-0.649387358598902,"C"
"1107",0.0660673716910664,0.88190895583832,"C"
"1108",-0.0970057068543471,0.417104913258118,"C"
"1109",-0.599437358856171,-0.255215773540672,"C"
"1110",-1.54818695024576,-1.88132606155537,"C"
"1111",-0.56630061889468,-0.918465592841597,"C"
"1112",-0.343388307247516,0.0887008030555861,"C"
"1113",-1.1991895017006,0.256962618758347,"C"
"1114",-1.24997980963864,-0.918588791619334,"C"
"1115",0.159501467983884,-0.664446076434633,"C"
"1116",1.85967038809775,0.12198591854106,"C"
"1117",-2.67932271913181,-1.52012724448587,"C"
"1118",1.3543795946703,-0.52315047520612,"C"
"1119",-0.604327705919861,-1.10752489444431,"C"
"1120",-0.0438982295950834,2.44210668210016,"C"
"1121",-0.516210738013078,-0.266858385649687,"C"
"1122",2.62563662761695,-0.622882610884837,"C"
"1123",0.309653338740214,1.38641482833718,"C"
"1124",-0.52504500519303,0.235204701798171,"C"
"1125",-1.78689444155924,0.361760214911424,"C"
"1126",0.443103993252117,0.546522902580364,"C"
"1127",-1.20955658012477,-0.887996926940334,"C"
"1128",-0.308574708442769,0.627591667030592,"C"
"1129",0.0319322292187421,-0.338816671609669,"C"
"1130",0.330586369285691,-0.23343029577077,"C"
"1131",-0.512467702472741,-0.431171370364171,"C"
"1132",-0.256135608014783,0.637068382996175,"C"
"1133",-0.394898969488273,-1.96854487481826,"C"
"1134",-0.812542434175099,-0.208381725945546,"C"
"1135",0.429075168076963,0.393847566069892,"C"
"1136",-1.81925132561536,-0.879295272710692,"C"
"1137",2.85814168760265,0.87034103619932,"C"
"1138",-0.791567113916261,0.168894984498563,"C"
"1139",1.16136827575434,0.320239139440376,"C"
"1140",-0.122529084202569,0.356403762260188,"C"
"1141",1.88976137837637,0.92220336455719,"C"
"1142",0.646755815096862,1.16045084523557,"C"
"1143",-0.59797253733175,-0.339986666047855,"C"
"1144",1.20198733404926,0.65957985547289,"C"
"1145",-0.851604674869405,0.745059141974333,"C"
"1146",-2.09326595327396,0.227016296718925,"C"
"1147",-0.098848419653844,-1.00544442126339,"C"
"1148",-0.130123080294511,-0.0464099494205107,"C"
"1149",-1.01580747220576,-1.5817022216426,"C"
"1150",-1.18877370000595,-0.178175476585706,"C"
"1151",0.152881363277081,-1.41783456031213,"C"
"1152",0.0566945650898441,-0.934741987665091,"C"
"1153",-0.166375568989532,-0.586545052522542,"C"
"1154",-0.295425446522181,-0.727656619368263,"C"
"1155",-0.939623797350985,1.8897819060693,"C"
"1156",0.0408198697886197,0.708740216512821,"C"
"1157",-1.65611248952571,-1.27263033534239,"C"
"1158",-1.20696622248466,0.475784568172455,"C"
"1159",-0.0605612790410026,-0.565159321741118,"C"
"1160",-0.315390279846113,0.381666017267589,"C"
"1161",1.08905080356822,-0.71110226275624,"C"
"1162",-0.91579939390788,0.86505895209074,"C"
"1163",0.992007702496286,-0.932987476237762,"C"
"1164",-1.50229625806779,-0.0828542215084163,"C"
"1165",0.615616686624137,-1.10844145380265,"C"
"1166",-0.632040410651702,0.135804082816441,"C"
"1167",0.211174036738204,1.31456628813202,"C"
"1168",1.49708656367575,0.103719373782861,"C"
"1169",0.450920870694162,-1.95031321109272,"C"
"1170",-0.184692071832255,-0.498568292398928,"C"
"1171",1.4892678659997,1.20890825483447,"C"
"1172",-1.3470005116611,-0.586825480735375,"C"
"1173",-0.305804953917238,1.18444526155965,"C"
"1174",-0.567423771063707,-2.00702541261686,"C"
"1175",0.690305430195633,-0.675274384722968,"C"
"1176",-0.144322222713113,-1.46258646098789,"C"
"1177",-0.507857155920584,-1.07179106010395,"C"
"1178",0.793901037394418,0.570133817561803,"C"
"1179",0.834231079296655,0.148812396585941,"C"
"1180",0.473395826784112,-0.384157127364508,"C"
"1181",0.186022105769946,0.666864895586704,"C"
"1182",-0.408286934304152,-0.299109648947016,"C"
"1183",0.265894896465016,0.317665896418539,"C"
"1184",1.5063445544051,0.729930944889288,"C"
"1185",0.128319176832979,0.91926670917745,"C"
"1186",-0.834132283180966,1.28278212970558,"C"
"1187",0.093436837346092,-1.76633212623498,"C"
"1188",-0.177345206543723,-1.32118131169447,"C"
"1189",-0.209483721971867,0.555388886938702,"C"
"1190",0.417952784439282,-0.714397654418804,"C"
"1191",-0.4372193501836,-0.21039527632536,"C"
"1192",0.134423044357114,-0.232693167068316,"C"
"1193",1.74219428880824,0.997228676482728,"C"
"1194",0.828706447702608,-1.06078438090341,"C"
"1195",1.91507959533507,1.34049376207647,"C"
"1196",-0.0857852067927401,-0.401164352204018,"C"
"1197",2.36440163086254,1.81423511625952,"C"
"1198",1.25619467508861,0.769997697103794,"C"
"1199",-0.0646440917491956,0.349188926610281,"C"
"1200",-1.31473530706656,-1.31859437177109,"C"
"1201",-0.655402947382635,-0.88790964340755,"C"
"1202",0.681099309735896,1.35226340944109,"C"
"1203",1.28945147940102,1.83610580997031,"C"
"1204",1.31422335509045,-0.0393248022030357,"C"
"1205",0.833278759010831,-0.886065788866862,"C"
"1206",1.7556566387438,1.76635080556155,"C"
"1207",1.75931301511584,-0.106652002108338,"C"
"1208",0.473010977346585,-0.0913137720116412,"C"
"1209",0.928351708684393,0.350774811725071,"C"
"1210",0.232076878429796,1.33790671593058,"C"
"1211",-0.828938261933891,-0.212986635674383,"C"
"1212",-1.24000988459605,-1.02689202979053,"C"
"1213",0.541363964880745,-1.15283356141738,"C"
"1214",2.01878370062065,-0.651110730740618,"C"
"1215",-0.296770326662663,1.46157975454716,"C"
"1216",-0.861727901696636,0.694783372074557,"C"
"1217",-0.0979421852700868,-0.443962437162976,"C"
"1218",0.340646768630778,0.435148945457793,"C"
"1219",2.16738121278293,2.15445671673713,"C"
"1220",0.508390683507862,-2.08525916269887,"C"
"1221",0.91944415996171,0.193282179464623,"C"
"1222",-1.14878079368469,-0.178710307063914,"C"
"1223",1.0064400563022,0.250302057158555,"C"
"1224",0.00918529916027365,-0.421070216371408,"C"
"1225",0.668215472845747,1.18510467390289,"C"
"1226",0.0340572299778675,-0.459576152865863,"C"
"1227",-0.476254138064449,-0.272943330802228,"C"
"1228",0.65509169736969,1.3840101480982,"C"
"1229",-0.224056293781345,-0.643604204963628,"C"
"1230",0.859610890532985,1.68032957137368,"C"
"1231",0.531980109745799,-0.885770161513725,"C"
"1232",-0.0277649283621182,-1.05443848534496,"C"
"1233",-0.937509769160146,-0.6180350847063,"C"
"1234",-0.52709281791654,0.0341114950287474,"C"
"1235",0.417152978361017,0.795683982870612,"C"
"1236",0.651505205337517,-0.0667592465001782,"C"
"1237",-0.0789705989010735,0.00285884733279141,"C"
"1238",-0.446889835828492,1.50415202773874,"C"
"1239",0.479314399860024,0.0876150848450377,"C"
"1240",1.02651386526707,0.824378819636367,"C"
"1241",-0.943554929341726,1.75733637014558,"C"
"1242",1.52299233858473,-0.972403808562471,"C"
"1243",1.64738249849559,-0.119722345636277,"C"
"1244",-1.46468224222424,0.194177688484334,"C"
"1245",0.420975392705656,-1.1730768159208,"C"
"1246",1.76844068484657,1.23731498934684,"C"
"1247",-1.55320734953278,-0.294560827342783,"C"
"1248",-0.681623894918859,-0.461986884324177,"C"
"1249",-0.433177904639607,1.33322119727144,"C"
"1250",0.319810367941793,1.4503329809661,"C"
"1251",-0.261783693100806,0.209805860169958,"C"
"1252",-0.579898204974715,-0.0070718280567231,"C"
"1253",1.8872679313454,1.08953878989708,"C"
"1254",0.53176766854347,-0.055616553164724,"C"
"1255",0.66135378529939,0.126287802827283,"C"
"1256",-0.883111668154993,-0.744127305185445,"C"
"1257",-0.701874354741795,2.2684288847673,"C"
"1258",-1.05820770459266,-0.862802222872044,"C"
"1259",1.17347886611987,-0.570492712871737,"C"
"1260",-1.01367054808547,0.396474045365212,"C"
"1261",1.3399389408663,-0.0794831723248398,"C"
"1262",-0.39367760150203,0.329643460787935,"C"
"1263",0.646730639826924,0.738464447454431,"C"
"1264",-0.60732453259587,-0.337433810517436,"C"
"1265",0.964111179749445,-1.01254320026612,"C"
"1266",0.6081620831445,0.839761986382119,"C"
"1267",-0.302407622580768,-0.452243916705983,"C"
"1268",0.133916120732765,1.22962561798816,"C"
"1269",0.766189096139391,0.373838508604035,"C"
"1270",-0.900529858944379,-0.582637925066513,"C"
"1271",0.597395996453156,2.19087206989792,"C"
"1272",0.709032090718824,-1.45844939240673,"C"
"1273",-0.223298951518346,-0.703821776892049,"C"
"1274",2.13864504301212,0.501668283531019,"C"
"1275",1.00669661440029,-0.885698382848172,"C"
"1276",-0.938450068438149,-0.82346618475935,"C"
"1277",-2.17748139091794,-3.03430325810062,"C"
"1278",0.711571386375736,0.945750011342889,"C"
"1279",0.917816752493629,1.30505906209495,"C"
"1280",0.114780453686384,-0.147269145359072,"C"
"1281",-0.457875822551247,0.600866833109692,"C"
"1282",0.672667453813516,1.25994120767082,"C"
"1283",0.931437831038927,-0.666740055766666,"C"
"1284",1.07582419237458,-1.445130821121,"C"
"1285",0.167832433701919,0.531241783164217,"C"
"1286",-0.751801262577191,-0.331356521619453,"C"
"1287",0.10564298981266,-0.761385157325201,"C"
"1288",-0.0840877903921518,1.39765123174172,"C"
"1289",-0.0692223648537556,-0.521125687602644,"C"
"1290",0.0283156124144333,0.647832824403694,"C"
"1291",2.01707345543864,0.893739470055449,"C"
"1292",0.393215901795111,0.395616605234677,"C"
"1293",1.21680827251138,0.23722847074933,"C"
"1294",0.472222656382174,0.0892397623396319,"C"
"1295",1.98604087060939,0.874431651570116,"C"
"1296",-2.11011398428304,0.982925579340688,"C"
"1297",1.2064069018901,-1.16871959588549,"C"
"1298",-0.604728922066343,-0.610638487630067,"C"
"1299",-0.775821762579115,-1.24614175301599,"C"
"1300",0.278485211861491,1.15592253259825,"C"
"1301",-0.978997995788645,1.29683415144999,"C"
"1302",0.276753803425702,0.633662045041359,"C"
"1303",0.76550537906758,-0.946252575123744,"C"
"1304",1.02188830841002,-0.0272209858936927,"C"
"1305",1.37475465977239,-0.608329139806503,"C"
"1306",0.0882794957616626,0.478732429477653,"C"
"1307",-0.235318551022979,-2.69426321670114,"C"
"1308",0.147791031269395,0.40365788676094,"C"
"1309",0.020046640741398,0.142047893102459,"C"
"1310",1.42882191410288,0.76573632571648,"C"
"1311",-0.724410285523978,-1.40780317181043,"C"
"1312",-1.16619526321867,0.178014540117654,"C"
"1313",0.0874085632376267,0.672730363019134,"C"
"1314",0.897723908880358,1.40151986244601,"C"
"1315",-0.0485944871717946,-0.936442464338166,"C"
"1316",0.975552631217337,-1.86333000942947,"C"
"1317",-0.648660640355808,-1.35727221546928,"C"
"1318",-1.6769912050877,-0.32990049687014,"C"
"1319",0.259556390062775,-1.59373553598619,"C"
"1320",-0.531262867878638,-0.60277337600317,"C"
"1321",0.599975138659177,0.149043953298707,"C"
"1322",0.910974878227091,1.41854218442928,"C"
"1323",-0.757537001038512,0.532299513495315,"C"
"1324",0.254981106271702,1.0610607786509,"C"
"1325",-0.030247176181837,-1.01833806908437,"C"
"1326",1.13782544851209,1.52448844440716,"C"
"1327",-0.753904714498444,0.915850490607027,"C"
"1328",0.112869590406744,-0.264320595645765,"C"
"1329",-0.699952903306354,-0.962033764255913,"C"
"1330",1.01965860463475,-1.17080195639874,"C"
"1331",0.0836484596902085,-1.88443246157781,"C"
"1332",-0.696908589605761,-0.574526400640965,"C"
"1333",-0.460321829386898,0.264999453255598,"C"
"1334",1.68988783865392,0.670174317435913,"C"
"1335",-0.112380709925868,-0.457928110271529,"C"
"1336",-0.0880910430289539,-0.318533381418962,"C"
"1337",0.0871410631036219,-1.20798195972545,"C"
"1338",-0.455763782569768,0.650138687603179,"C"
"1339",-0.684987278032125,-0.182560963416228,"C"
"1340",1.46193500427707,2.60708490985406,"C"
"1341",-2.87518279579558,-0.0423512314121741,"C"
"1342",-2.20942416903911,-0.0906473421588602,"C"
"1343",-0.187714821703197,-1.62963738261112,"C"
"1344",0.640673417049788,-1.2165546934843,"C"
"1345",0.363777872366634,0.408316997527307,"C"
"1346",-0.717810556013482,2.40776403003128,"C"
"1347",-1.57076510051333,0.422367023819663,"C"
"1348",0.189066625870361,-0.172357824174612,"C"
"1349",0.95089451691817,0.355927453151342,"C"
"1350",0.753760701892965,0.406838286590863,"C"
"1351",0.374510553798519,-0.591955670990733,"C"
"1352",1.48238468845208,0.52470048001588,"C"
"1353",1.83060912468989,0.443851188534,"C"
"1354",-1.74741983566082,-0.785592191150081,"C"
"1355",0.142888997243108,0.885178139377763,"C"
"1356",1.38687961725405,0.441533202485597,"C"
"1357",0.876346263413911,-1.07788024839569,"C"
"1358",3.13219399029393,-0.306355798011399,"C"
"1359",-1.01059476142055,-0.12512140317921,"C"
"1360",2.16256453267769,0.207245893550861,"C"
"1361",-1.35456755116989,-1.19095893297523,"C"
"1362",1.04337750014911,0.183049755290609,"C"
"1363",-0.668192216377327,-0.0932892782863369,"C"
"1364",-0.295555763771851,-0.0495975452362361,"C"
"1365",-0.0799801147724067,-0.292495150572959,"C"
"1366",0.372465737419463,0.913855573141845,"C"
"1367",1.18323963201782,1.08852409680369,"C"
"1368",1.27090213205576,0.570830300951509,"C"
"1369",-0.054320240455574,-2.41609845824378,"C"
"1370",-2.82668803101147,-1.37113822775639,"C"
"1371",1.3799568330038,1.96154034698658,"C"
"1372",-0.662829286818956,0.820418741689928,"C"
"1373",0.554959544320718,0.807691866610824,"C"
"1374",-1.32929965370233,0.332235445820871,"C"
"1375",-1.90487050724875,0.562037481743133,"C"
"1376",1.66047751976846,0.816372567117614,"C"
"1377",-0.674022254095583,-0.83554448206481,"C"
"1378",0.49076530286582,-0.189160879778858,"C"
"1379",0.530117148400279,0.285749990294755,"C"
"1380",1.3210339076552,0.909796478956979,"C"
"1381",-1.08775658057053,0.964911186306398,"C"
"1382",-0.0377224894642905,-0.251879395581323,"C"
"1383",0.791236958991396,0.730614589732949,"C"
"1384",-0.351744581309504,0.596045042644099,"C"
"1385",0.408226247916677,-1.62328000010058,"C"
"1386",0.392343419627292,1.14227980287456,"C"
"1387",-1.49641136281318,0.121209946478405,"C"
"1388",1.72825176112665,0.658534309573824,"C"
"1389",0.960122393154715,-1.44197963968636,"C"
"1390",1.98062370658267,0.18009015100304,"C"
"1391",-1.70254448027672,-0.60365703624099,"C"
"1392",0.0170883681526495,-0.449573450333972,"C"
"1393",0.560739720173533,-0.275813379993263,"C"
"1394",1.08097400308297,0.862408849748481,"C"
"1395",-0.0730827025088952,-1.35315814778296,"C"
"1396",0.918670340003323,-1.17781176862239,"C"
"1397",0.278829832992075,1.91714371119293,"C"
"1398",-1.67687062184708,-0.0761908292285253,"C"
"1399",0.245712693674461,-0.839242641573825,"C"
"1400",-0.349271580234639,0.929795797159954,"C"
"1401",1.19441932019008,0.1488527826535,"C"
"1402",1.94191056964961,-0.0352883345533805,"C"
"1403",-1.50535979881995,-1.01140523075722,"C"
"1404",-0.0861110133973888,-1.21348309973,"C"
"1405",-0.00228950535572674,-0.79846601718358,"C"
"1406",0.038747926026307,-0.975077088228998,"C"
"1407",-0.576173813109709,-0.476547409705693,"C"
"1408",1.03031606993791,1.23037881395149,"C"
"1409",-0.356586388595768,-0.44506307912649,"C"
"1410",0.863108695355344,1.17687115873986,"C"
"1411",-1.0113447800294,0.885479599075815,"C"
"1412",2.65548331415477,0.305006340838634,"C"
"1413",-1.64713075176522,0.331309764497124,"C"
"1414",0.539679131158583,0.873678887434465,"C"
"1415",0.453639555270566,0.554245226025344,"C"
"1416",0.614108740249215,-1.20670628422468,"C"
"1417",-1.04117249363504,0.830487949145394,"C"
"1418",1.31236333762395,-0.581376295848845,"C"
"1419",1.04935283482639,1.32947454602877,"C"
"1420",0.474599661161711,-0.523429453779648,"C"
"1421",-0.231620620525204,-0.844089671741843,"C"
"1422",-0.630135106429069,1.0465623439909,"C"
"1423",1.28255892407598,0.433946007826424,"C"
"1424",1.42552158908476,0.430428030984673,"C"
"1425",-0.572527441292396,-0.539590218349893,"C"
"1426",0.773589085801334,-0.134025267352768,"C"
"1427",-1.41679225903323,-0.610007742507082,"C"
"1428",0.776427133842671,0.0885224236515853,"C"
"1429",1.70825086093474,2.92150402645404,"C"
"1430",-0.8523337656387,1.20568629092931,"C"
"1431",-2.68499790417422,-1.29881735362413,"C"
"1432",0.52118647526757,0.29289274512816,"C"
"1433",-0.238561413975386,-0.56653784356053,"C"
"1434",1.84113272594376,-0.387806044876443,"C"
"1435",1.03724525174649,-0.746503755627944,"C"
"1436",1.54902760819683,0.614278690090459,"C"
"1437",-0.288837495138018,-0.504015910154205,"C"
"1438",-0.514060190237894,-0.762478527235033,"C"
"1439",0.440082774156287,0.0931047159933853,"C"
"1440",0.693985581147343,-0.0536362265226646,"C"
"1441",-0.818861733761702,0.681627941137679,"C"
"1442",-0.129947153210995,0.588883278805357,"C"
"1443",-0.219529793095403,0.138005622772921,"C"
"1444",0.627382087856906,0.640120650215002,"C"
"1445",0.372517495505802,-1.08531438497503,"C"
"1446",-0.815894385195955,-0.143120940221479,"C"
"1447",0.793158715431186,-1.55253920773831,"C"
"1448",-0.157005340310666,-0.409556691659084,"C"
"1449",-0.770998635868161,-1.1428291744667,"C"
"1450",-1.72993375332609,0.46669411387131,"C"
"1451",0.717197830689243,0.923842330596694,"C"
"1452",3.58966286301167,1.21865965700979,"C"
"1453",1.81070250446929,-0.000756543742284288,"C"
"1454",0.22814922712581,1.24503719430582,"C"
"1455",-2.14279745804105,-0.627186887630949,"C"
"1456",1.70730820879834,0.29522890237166,"C"
"1457",0.675153214386983,-0.452262156038779,"C"
"1458",-1.3262396843633,-1.306711339057,"C"
"1459",0.303629110225669,0.501374790318765,"C"
"1460",-0.605328446810819,-1.05130783519705,"C"
"1461",0.894720899134769,0.779943937274664,"C"
"1462",-0.148820139293596,-0.527088035129848,"C"
"1463",0.168276214174126,0.847419843462375,"C"
"1464",-0.621665722637814,0.280058165732555,"C"
"1465",-1.17812077214503,-0.864239254979728,"C"
"1466",-0.527716382074261,1.74371376184455,"C"
"1467",0.353237178310683,-0.554040553503732,"C"
"1468",0.301971427639367,0.78258908910886,"C"
"1469",0.329579673945551,0.620834047723236,"C"
"1470",-0.381175440306042,-0.758819582672434,"C"
"1471",2.21662450529561,1.53546031172617,"C"
"1472",0.366084541525481,0.00675598544242272,"C"
"1473",-2.18648579320013,-1.72106336496846,"C"
"1474",0.13853343492496,0.947578326710022,"C"
"1475",1.2332583575091,-1.39754182402538,"C"
"1476",-0.87880647353664,2.12795739363552,"C"
"1477",-0.962376560699818,-0.982768689080798,"C"
"1478",2.22118430439744,1.46334128284953,"C"
"1479",-0.625266275996037,-0.518191540858659,"C"
"1480",-0.663933471849063,0.00120393624272666,"C"
"1481",0.299626256152647,-1.15592924712885,"C"
"1482",0.606815477080749,1.09708882224098,"C"
"1483",0.0994373292072462,0.814296136182167,"C"
"1484",1.06968694632139,-0.212864940280845,"C"
"1485",0.755247886861893,-0.648529453834114,"C"
"1486",-0.763106571480962,-0.275311578260369,"C"
"1487",-0.441209646055372,0.0329852713416684,"C"
"1488",0.385002513447771,1.01018686867098,"C"
"1489",0.895293419061548,-0.10465027237586,"C"
"1490",-2.80816352954875,-1.12503422842463,"C"
"1491",1.36072141004363,0.611311061470236,"C"
"1492",0.0559770050656523,0.89839344641936,"C"
"1493",-1.18005559762613,-0.273157693124612,"C"
"1494",0.266835103956902,1.2198321964441,"C"
"1495",-0.0981932209083092,0.252529498217691,"C"
"1496",-0.143318197313789,2.21196840311703,"C"
"1497",-0.848222814726115,0.961023463706268,"C"
"1498",0.967300554450983,-0.558629675472182,"C"
"1499",-1.83203377573301,-1.26305335933042,"C"
"1500",0.1582221623619,0.547277603745381,"C"
